asset,optimal_k_bps,model_test_bps,random_k_bps
BTCUSDT,1.323212,1.0148349950715712,1.6165634736338572
