asset,optimal_k_bps,model_test_bps,random_k_bps
XRPUSDT,3.567023,3.8457336757824736,4.029313302564152
