asset,optimal_k_bps,model_test_bps,random_k_bps
ETHUSDT,2.712073,2.4843974704086516,3.3580298190257536
